Metric,Value
MSE,537.9602899482994
RMSE,23.193970982742464
MAPE,133061029885170.6
R2,0.9108772667880431
MAE,12.65146673267725
