Department,MAE (DengRate_all) Val,RMSE (DengRate_all) Val,MAPE (DengRate_all) Val,R2 (DengRate_all) Val,MSE (DengRate_all) Val,MAE (DengRate_all) Train,RMSE (DengRate_all) Train,MAPE (DengRate_all) Train,R2 (DengRate_all) Train,MSE (DengRate_all) Train,MAE (DengRate_019) Val,RMSE (DengRate_019) Val,MAPE (DengRate_019) Val,R2 (DengRate_019) Val,MSE (DengRate_019) Val,MAE (DengRate_019) Train,RMSE (DengRate_019) Train,MAPE (DengRate_019) Train,R2 (DengRate_019) Train,MSE (DengRate_019) Train
Rondônia,10.513486397403513,11.76488043605902,3.961683964998059,-20.101478755899407,138.4124116747643,16.37936479560644,25.473682976885357,2.062211079213244,0.577799348246425,648.9085244068589,9.23902214122145,10.144511409086991,3.984390807018073,-26.80551024875816,102.91111172909613,11.263857661018896,15.79894392849448,3.333182858673783,0.6634626168822637,249.6066292557126
Acre,43.38762642918933,66.8728689254834,0.43458829633592866,0.4161279989645793,4471.980598324883,13.799448953684072,19.263359928084842,1.5849795926800236,0.4844233769798755,371.07703571894484,31.39366319570082,50.94396295276577,0.41990806815705284,0.20030614842922578,2595.2873613327715,11.324038224872348,14.102369572191513,2.5310171007730857,0.4210159097504128,198.87682755067303
Amazonas,6.858072558514537,7.434526759556646,1.7937262189616823,0.12405087711347396,55.27218813856385,35.792591042323544,58.53994758291059,0.4886371699236604,0.8502332378611199,3426.92546300992,7.01070772310074,7.353626568829163,2.4682404399204114,-0.4302034768008589,54.07582371379016,26.072612089152283,41.844266544436564,0.545540713643614,0.8827710481547488,1750.942642641853
Roraima,11.499098070711264,15.076985285343985,2368431082263901.5,0.5969964840260926,227.31548529447903,9.221105284900053,14.189943648424716,1.1410167652837648,-0.3317111277823388,201.35450074546895,11.483674261128725,19.377556222371375,4121386729603075.5,0.47180876305968156,375.48968515116354,8.512895978083643,12.922652067066462,1.2408853596757183,-0.216362297689894,166.9949364464571
